[
  {
    "ID": "1",
    "Name": "Senpai",
    "Gender": "1",
    "Class": "32",
    "Seat": "15",
    "Club": "0",
    "Persona": "1",
    "Crush": "0",
    "BreastSize": "0",
    "Strength": "0",
    "Hairstyle": "1",
    "Color": "Black",
    "Eyes": "Black",
    "EyeType": "Default",
    "Stockings": "None",
    "Accessory": "0",
    "ScheduleTime": "7_7_8_13.01_13.375_15.5_16_17.25_99_99",
    "ScheduleDestination": "Spawn_Locker_Hangout_Seat_LunchSpot_Seat_Clean_Hangout_Locker_Exit",
    "ScheduleAction": "Stand_Stand_Read_Sit_Eat_Sit_Clean_Read_Shoes_Stand",
    "Info": "An average student. \n \n Average grades, average looks, average life... \n \n I'm not sure what you see in him."
  },
  {
    "ID": "2",
    "Name": "YuiRio",
    "Gender": "0",
    "Class": "11",
    "Seat": "14",
    "Club": "1",
    "Persona": "5",
    "Crush": "0",
    "BreastSize": "0.5",
    "Strength": "0",
    "Hairstyle": "2",
    "Color": "Red",
    "Eyes": "Red",
    "EyeType": "Default",
    "Stockings": "Red",
    "Accessory": "0",
    "ScheduleTime": "7_7_8_13_13.375_15.5_16_17.25_99_99",
    "ScheduleDestination": "Spawn_Locker_Hangout_Seat_LunchSpot_Seat_Clean_Club_Locker_Exit",
    "ScheduleAction": "Stand_Stand_Socialize_Sit_Socialize_Sit_Clean_SocialSit_Shoes_Stand",
    "Info": ""
  },
  {
    "ID": "3",
    "Name": "YunaHina",
    "Gender": "0",
    "Class": "12",
    "Seat": "14",
    "Club": "1",
    "Persona": "6",
    "Crush": "0",
    "BreastSize": "0.8",
    "Strength": "0",
    "Hairstyle": "3",
    "Color": "Yellow",
    "Eyes": "Yellow",
    "EyeType": "Default",
    "Stockings": "Yellow",
    "Accessory": "0",
    "ScheduleTime": "7_7_8_13_13.375_15.5_16_17.25_99_99",
    "ScheduleDestination": "Spawn_Locker_Hangout_Seat_LunchSpot_Seat_Clean_Club_Locker_Exit",
    "ScheduleAction": "Stand_Stand_Socialize_Sit_Socialize_Sit_Clean_SocialSit_Shoes_Stand",
    "Info": ""
  },
  {
    "ID": "4",
    "Name": "KoharuHinata",
    "Gender": "0",
    "Class": "21",
    "Seat": "14",
    "Club": "1",
    "Persona": "6",
    "Crush": "0",
    "BreastSize": "1.1",
    "Strength": "0",
    "Hairstyle": "4",
    "Color": "Green",
    "Eyes": "Green",
    "EyeType": "Default",
    "Stockings": "Green",
    "Accessory": "0",
    "ScheduleTime": "7_7_8_13.0001_13.375_15.5001_16_17.25_99_99",
    "ScheduleDestination": "Spawn_Locker_Hangout_Seat_LunchSpot_Seat_Clean_Club_Locker_Exit",
    "ScheduleAction": "Stand_Stand_Socialize_Sit_Socialize_Sit_Clean_SocialSit_Shoes_Stand",
    "Info": ""
  },
  {
    "ID": "5",
    "Name": "MeiMio",
    "Gender": "0",
    "Class": "22",
    "Seat": "14",
    "Club": "1",
    "Persona": "2",
    "Crush": "0",
    "BreastSize": "1.4",
    "Strength": "0",
    "Hairstyle": "5",
    "Color": "Blue",
    "Eyes": "Blue",
    "EyeType": "Default",
    "Stockings": "Blue",
    "Accessory": "7",
    "ScheduleTime": "7_7_8_13_13.375_15.5_16_17.25_99_99",
    "ScheduleDestination": "Spawn_Locker_Hangout_Seat_LunchSpot_Seat_Clean_Club_Locker_Exit",
    "ScheduleAction": "Stand_Stand_Socialize_Sit_Socialize_Sit_Clean_SocialSit_Shoes_Stand",
    "Info": ""
  },
  {
    "ID": "6",
    "Name": "SakiMiyu",
    "Gender": "0",
    "Class": "31",
    "Seat": "14",
    "Club": "1",
    "Persona": "6",
    "Crush": "0",
    "BreastSize": "1.7",
    "Strength": "0",
    "Hairstyle": "6",
    "Color": "Cyan",
    "Eyes": "Cyan",
    "EyeType": "Default",
    "Stockings": "Cyan",
    "Accessory": "0",
    "ScheduleTime": "7_7_8_13.01_13.375_15.5_16_17.25_99_99",
    "ScheduleDestination": "Spawn_Locker_Hangout_Seat_LunchSpot_Seat_Clean_Club_Locker_Exit",
    "ScheduleAction": "Stand_Stand_Socialize_Sit_Socialize_Sit_Clean_SocialSit_Shoes_Stand",
    "Info": "Kokona Haruka's best friend and closest confidant. Kokona is likely to discuss personal matters with this girl."
  },
  {
    "ID": "7",
    "Name": "KokonaHaruka",
    "Gender": "0",
    "Class": "32",
    "Seat": "14",
    "Club": "1",
    "Persona": "6",
    "Crush": "1",
    "BreastSize": "2",
    "Strength": "0",
    "Hairstyle": "7",
    "Color": "Purple",
    "Eyes": "Purple",
    "EyeType": "Default",
    "Stockings": "Purple",
    "Accessory": "0",
    "ScheduleTime": "7_7_8_13.01_13.375_15.51_16_17.25_99_99",
    "ScheduleDestination": "Spawn_Locker_Hangout_Seat_LunchSpot_Seat_Clean_Club_Locker_Exit",
    "ScheduleAction": "Stand_Stand_Socialize_Sit_Socialize_Sit_Clean_SocialSit_Shoes_Stand",
    "Info": ""
  },
  {
    "ID": "8",
    "Name": "HarutoYuto",
    "Gender": "1",
    "Class": "11",
    "Seat": "12",
    "Club": "0",
    "Persona": "5",
    "Crush": "0",
    "BreastSize": "0",
    "Strength": "0",
    "Hairstyle": "2",
    "Color": "Red",
    "Eyes": "Red",
    "EyeType": "Default",
    "Stockings": "None",
    "Accessory": "3",
    "ScheduleTime": "7_7_8_13_13.375_15.5_16_16.5_99",
    "ScheduleDestination": "Spawn_Locker_Hangout_Seat_LunchSpot_Seat_Clean_Locker_Exit",
    "ScheduleAction": "Stand_Stand_Socialize_Sit_Socialize_Sit_Clean_Shoes_Stand",
    "Info": ""
  },
  {
    "ID": "9",
    "Name": "SotaYuki",
    "Gender": "1",
    "Class": "12",
    "Seat": "12",
    "Club": "0",
    "Persona": "6",
    "Crush": "0",
    "BreastSize": "0",
    "Strength": "0",
    "Hairstyle": "3",
    "Color": "Yellow",
    "Eyes": "Yellow",
    "EyeType": "Default",
    "Stockings": "None",
    "Accessory": "0",
    "ScheduleTime": "7_7_8_13_13.375_15.5_16_16.5_99",
    "ScheduleDestination": "Spawn_Locker_Hangout_Seat_LunchSpot_Seat_Clean_Locker_Exit",
    "ScheduleAction": "Stand_Stand_Socialize_Sit_Socialize_Sit_Clean_Shoes_Stand",
    "Info": ""
  },
  {
    "ID": "10",
    "Name": "HayatoHaruki",
    "Gender": "1",
    "Class": "21",
    "Seat": "12",
    "Club": "0",
    "Persona": "6",
    "Crush": "0",
    "BreastSize": "0",
    "Strength": "0",
    "Hairstyle": "4",
    "Color": "Green",
    "Eyes": "Green",
    "EyeType": "Default",
    "Stockings": "None",
    "Accessory": "0",
    "ScheduleTime": "7_7_8_13.0002_13.375_15.5002_16_16.5_99",
    "ScheduleDestination": "Spawn_Locker_Hangout_Seat_LunchSpot_Seat_Clean_Locker_Exit",
    "ScheduleAction": "Stand_Stand_Socialize_Sit_Socialize_Sit_Clean_Shoes_Stand",
    "Info": ""
  },
  {
    "ID": "11",
    "Name": "RyuseiKoki",
    "Gender": "1",
    "Class": "22",
    "Seat": "12",
    "Club": "0",
    "Persona": "2",
    "Crush": "0",
    "BreastSize": "0",
    "Strength": "0",
    "Hairstyle": "5",
    "Color": "Blue",
    "Eyes": "Blue",
    "EyeType": "Default",
    "Stockings": "None",
    "Accessory": "4",
    "ScheduleTime": "7_7_8_13_13.375_15.5_16_16.5_99",
    "ScheduleDestination": "Spawn_Locker_Hangout_Seat_LunchSpot_Seat_Clean_Locker_Exit",
    "ScheduleAction": "Stand_Stand_Socialize_Sit_Socialize_Sit_Clean_Shoes_Stand",
    "Info": ""
  },
  {
    "ID": "12",
    "Name": "SoraSosuke",
    "Gender": "1",
    "Class": "31",
    "Seat": "12",
    "Club": "0",
    "Persona": "6",
    "Crush": "0",
    "BreastSize": "0",
    "Strength": "0",
    "Hairstyle": "6",
    "Color": "Cyan",
    "Eyes": "Cyan",
    "EyeType": "Default",
    "Stockings": "None",
    "Accessory": "0",
    "ScheduleTime": "7_7_8_13_13.375_15.5_16_16.5_99",
    "ScheduleDestination": "Spawn_Locker_Hangout_Seat_LunchSpot_Seat_Clean_Locker_Exit",
    "ScheduleAction": "Stand_Stand_Socialize_Sit_Socialize_Sit_Clean_Shoes_Stand",
    "Info": ""
  },
  {
    "ID": "13",
    "Name": "RikuSoma",
    "Gender": "1",
    "Class": "32",
    "Seat": "12",
    "Club": "0",
    "Persona": "6",
    "Crush": "7",
    "BreastSize": "0",
    "Strength": "0",
    "Hairstyle": "7",
    "Color": "Purple",
    "Eyes": "Purple",
    "EyeType": "Default",
    "Stockings": "None",
    "Accessory": "0",
    "ScheduleTime": "7_7_8_13_13.375_15.5_16_16.25_17.5_99_99",
    "ScheduleDestination": "Spawn_Locker_Hangout_Seat_LunchSpot_Seat_Clean_Stalk_Patrol_Locker_Exit",
    "ScheduleAction": "Stand_Stand_Socialize_Sit_Socialize_Sit_Clean_Stalk_Patrol_Shoes_Stand",
    "Info": "Comes from a rich family. He tries to hide this fact from others, but his affluent origins are very obvious because of his unusual way of speaking."
  },
  {
    "ID": "14",
    "Name": "PippiOsu",
    "Gender": "0",
    "Class": "11",
    "Seat": "5",
    "Club": "11",
    "Persona": "10",
    "Crush": "15",
    "BreastSize": "1",
    "Strength": "0",
    "Hairstyle": "8",
    "Color": "Pippi",
    "Eyes": "Green",
    "EyeType": "Default",
    "Stockings": "None",
    "Accessory": "0",
    "ScheduleTime": "7_7_8_13_13.375_15.5_16_16.5_99",
    "ScheduleDestination": "Spawn_Locker_Hangout_Seat_Hangout_Seat_Clean_Hangout_Hangout",
    "ScheduleAction": "Stand_Stand_Game_Sit_Game_Sit_Clean_Game_Game",
    "Info": "Extremely unlikely to witness murder unless it takes place in the computer lab."
  },
  {
    "ID": "15",
    "Name": "RyutoIppongo",
    "Gender": "1",
    "Class": "12",
    "Seat": "5",
    "Club": "11",
    "Persona": "10",
    "Crush": "14",
    "BreastSize": "0",
    "Strength": "0",
    "Hairstyle": "8",
    "Color": "Red",
    "Eyes": "Red",
    "EyeType": "Default",
    "Stockings": "None",
    "Accessory": "1",
    "ScheduleTime": "7_7_8_13_13.375_15.5_16_16.5_99",
    "ScheduleDestination": "Spawn_Locker_Hangout_Seat_Hangout_Seat_Clean_Hangout_Hangout",
    "ScheduleAction": "Stand_Stand_Game_Sit_Game_Sit_Clean_Game_Game",
    "Info": "Secretly has a crush on Pippi Osu. Neither of them realize that they both share feelings for each other. \n \n Swears to his parents that he spends all of his free time studying."
  },
  {
    "ID": "16",
    "Name": "MidoriGurin",
    "Gender": "0",
    "Class": "31",
    "Seat": "5",
    "Club": "11",
    "Persona": "10",
    "Crush": "0",
    "BreastSize": "1",
    "Strength": "0",
    "Hairstyle": "9",
    "Color": "Green",
    "Eyes": "Green",
    "EyeType": "Default",
    "Stockings": "ShortGreen",
    "Accessory": "0",
    "ScheduleTime": "7_7_8_13_13.375_15.5_16_16.5_99",
    "ScheduleDestination": "Spawn_Locker_Hangout_Seat_Hangout_Seat_Clean_Hangout_Hangout",
    "ScheduleAction": "Stand_Stand_Text_Sit_Text_Sit_Clean_Text_Text",
    "Info": "Known for irritating her classmates and teachers by constantly asking foolish questions."
  },
  {
    "ID": "17",
    "Name": "SakyuBasu",
    "Gender": "0",
    "Class": "21",
    "Seat": "5",
    "Club": "0",
    "Persona": "6",
    "Crush": "0",
    "BreastSize": "1.5",
    "Strength": "0",
    "Hairstyle": "10",
    "Color": "Succubus1",
    "Eyes": "Succubus1",
    "EyeType": "Default",
    "Stockings": "None",
    "Accessory": "3",
    "ScheduleTime": "7_7_8_13.0003_13.375_15.5003_16_16.5_99",
    "ScheduleDestination": "Spawn_Locker_Hangout_Seat_LunchSpot_Seat_Clean_Locker_Exit",
    "ScheduleAction": "Stand_Stand_Socialize_Sit_Eat_Sit_Clean_Shoes_Stand",
    "Info": "Wears contact lenses. \n \n Enjoys spending time with her younger sister. \n \n Rumored to be a succubus disguised as a high school student...but only a fool would believe something like that."
  },
  {
    "ID": "18",
    "Name": "InkyuBasu",
    "Gender": "0",
    "Class": "22",
    "Seat": "5",
    "Club": "0",
    "Persona": "6",
    "Crush": "0",
    "BreastSize": "1",
    "Strength": "0",
    "Hairstyle": "11",
    "Color": "Succubus2",
    "Eyes": "Succubus2",
    "EyeType": "Default",
    "Stockings": "None",
    "Accessory": "0",
    "ScheduleTime": "7_7_8_13_13.375_15.5_16_16.5_99",
    "ScheduleDestination": "Spawn_Locker_Hangout_Seat_LunchSpot_Seat_Clean_Locker_Exit",
    "ScheduleAction": "Stand_Stand_Socialize_Sit_Eat_Sit_Clean_Shoes_Stand",
    "Info": "Wears contact lenses. \n \n Enjoys spending time with her older sister. \n \n Rumored to be a vampire disguised as a high school student...but only a fool would believe something like that."
  },
  {
    "ID": "19",
    "Name": "KuuDere",
    "Gender": "0",
    "Class": "32",
    "Seat": "5",
    "Club": "0",
    "Persona": "1",
    "Crush": "0",
    "BreastSize": "1",
    "Strength": "0",
    "Hairstyle": "12",
    "Color": "Kuudere",
    "Eyes": "Kuudere",
    "EyeType": "Default",
    "Stockings": "None",
    "Accessory": "0",
    "ScheduleTime": "7_7_8_13_13.375_15.5_16_16.5_99",
    "ScheduleDestination": "Spawn_Locker_Hangout_Seat_Hangout_Seat_Clean_Locker_Exit",
    "ScheduleAction": "Stand_Stand_Read_Sit_Read_Sit_Clean_Shoes_Stand",
    "Info": "The school librarian. \n \n Strongly prefers solitude. \n \n Very rarely expresses emotions."
  },
  {
    "ID": "20",
    "Name": "MaiWaifu",
    "Gender": "0",
    "Class": "31",
    "Seat": "8",
    "Club": "11",
    "Persona": "1",
    "Crush": "99",
    "BreastSize": "2",
    "Strength": "0",
    "Hairstyle": "13",
    "Color": "Waifu",
    "Eyes": "Waifu",
    "EyeType": "Gentle",
    "Stockings": "None",
    "Accessory": "0",
    "ScheduleTime": "7_7_8_13_13.375_15.5_16_16.5_99",
    "ScheduleDestination": "Spawn_Locker_Hangout_Seat_Hangout_Seat_Clean_Locker_Exit",
    "ScheduleAction": "Stand_Stand_Stand_Sit_Stand_Sit_Clean_Shoes_Stand",
    "Info": "Described as 'kawaii' 'moe' and 'deredere' by her admirers. \n \n Has sworn her heart to an independent game developer living overseas. \n \n Prefers to spend her time alone, daydreaming about her loved one."
  },
  {
    "ID": "21",
    "Name": "BudoMasuta",
    "Gender": "1",
    "Class": "32",
    "Seat": "8",
    "Club": "6",
    "Persona": "3",
    "Crush": "99",
    "BreastSize": "0",
    "Strength": "5",
    "Hairstyle": "9",
    "Color": "Black",
    "Eyes": "Black",
    "EyeType": "Default",
    "Stockings": "None",
    "Accessory": "0",
    "ScheduleTime": "7_7_8_13_13.375_15.5_16_99",
    "ScheduleDestination": "Spawn_Locker_Club_Seat_Club_Seat_Clean_Club",
    "ScheduleAction": "Stand_Stand_Club_Sit_Club_Sit_Clean_Club",
    "Info": "President of the Martial Arts Club. Inherited the club after defeating the previous president. \n \n Seems to be incapable of turning down a challenge. \n \n Always gung ho and enthusiastic. Sometimes a bit overzealous, especially about martial arts."
  }
]